client,available,held,total,locked
2,4226.5647,0,4226.5647,false
22,2805.1805,0,2805.1805,false
41,8431.6314,0,8431.6314,false
81,806.9636,0,806.9636,false
123,7657.946,0,7657.946,false
144,1819.6117,0,1819.6117,false
152,0,7286.9518,7286.9518,false
183,76.6903,0,76.6903,false
216,0,9646.414,9646.414,false
230,7809.2008,0,7809.2008,false
235,2275.5487,0,2275.5487,false
245,2537.6361,0,2537.6361,false
299,5688.8,0,5688.8,false
301,1707.4564,0,1707.4564,false
355,2400.1173,5244.6274,7644.7447,false
436,4161.418,0,4161.418,false
474,7666.002,0,7666.002,false
479,5425.2578,0,5425.2578,false
562,7674.612,0,7674.612,false
583,9691.8557,0,9691.8557,false
683,6656.4979,0,6656.4979,false
693,2738.7598,0,2738.7598,false
704,6675.0784,0,6675.0784,false
730,4105.491,0,4105.491,false
762,3745.06,0,3745.06,false
834,1877.7596,0,1877.7596,false
938,5530.0895,0,5530.0895,false
948,1405.3233,0,1405.3233,false
962,8658.8169,0,8658.8169,false
981,0,4317.6145,4317.6145,false
995,6363.42,0,6363.42,false
1003,0,5840.6816,5840.6816,false
1005,7445.8225,0,7445.8225,false
1014,0,0,0,true
1038,0,6241.68,6241.68,false
1046,557.5027,0,557.5027,false
1104,5368.7656,0,5368.7656,false
1112,9349.1098,0,9349.1098,false
1160,5555.6911,0,5555.6911,false
1194,1945.2437,0,1945.2437,false
1237,5026.5167,0,5026.5167,false
1254,0,5835.5188,5835.5188,false
1274,3456.586,0,3456.586,false
1310,8978.9786,0,8978.9786,false
1318,7343.2693,0,7343.2693,false
1355,8192.465,0,8192.465,false
1396,5134.4542,0,5134.4542,false
1401,385.8221,0,385.8221,false
1427,8229.5012,0,8229.5012,false
1563,9523.509,0,9523.509,false
1609,0,0,0,true
1617,2600.6674,0,2600.6674,false
1622,9663.185,0,9663.185,false
1672,0,0,0,true
1693,6501.34,0,6501.34,false
1695,0,8332.8679,8332.8679,false
1725,6676.466,0,6676.466,false
1754,0,0,0,true
1773,9391.681,0,9391.681,false
1800,6763.41,0,6763.41,false
1805,1065.0037,0,1065.0037,false
1879,1480.955,0,1480.955,false
1880,0,5841.923,5841.923,false
1882,0,2963.496,2963.496,false
1884,3963.336,0,3963.336,false
1912,1506.124,0,1506.124,false
1927,689.3954,0,689.3954,false
1961,6886.2419,0,6886.2419,false
1965,0,0,0,true
1972,0,0,0,true
2005,6496.3531,0,6496.3531,false
2093,0,8523.348,8523.348,false
2126,6306.1424,0,6306.1424,false
2130,0,0,0,true
2146,9997.9075,0,9997.9075,false
2176,4357.6415,0,4357.6415,false
2194,3867.958,0,3867.958,false
2200,0,3553.468,3553.468,false
2202,4817.6078,0,4817.6078,false
2243,6673.9848,0,6673.9848,false
2249,9564.7622,0,9564.7622,false
2296,5171.9603,0,5171.9603,false
2404,0,0,0,true
2434,0,5486.2334,5486.2334,false
2460,6693.4402,0,6693.4402,false
2553,2177.7487,0,2177.7487,false
2578,7868.8178,0,7868.8178,false
2586,389.4299,0,389.4299,false
2587,1379.8393,0,1379.8393,false
2598,5612.66,0,5612.66,false
2804,95.26,0,95.26,false
2876,4355.1981,0,4355.1981,false
2911,109.81,0,109.81,false
2926,2713.0783,0,2713.0783,false
2948,807.7526,0,807.7526,false
2949,9432.4916,0,9432.4916,false
3104,2222.05,0,2222.05,false
3219,1170.0365,0,1170.0365,false
3220,0,0,0,true
3233,9510.5183,0,9510.5183,false
3242,8649.4967,0,8649.4967,false
3246,0,0,0,true
3368,346.5437,0,346.5437,false
3421,6376.57,0,6376.57,false
3497,2560.7761,0,2560.7761,false
3501,0,0,0,true
3518,1047.316,0,1047.316,false
3521,0,0,0,true
3630,7894.0513,0,7894.0513,false
3655,4684.367,0,4684.367,false
3683,4103.79,0,4103.79,false
3685,4297.636,0,4297.636,false
3693,2665.5755,0,2665.5755,false
3736,3085.41,0,3085.41,false
3780,2125.072,0,2125.072,false
3782,0,1365.0694,1365.0694,false
3858,0,1455.7905,1455.7905,false
3875,0,0,0,true
3888,7581.2893,0,7581.2893,false
3935,9072.6386,0,9072.6386,false
3973,0,0,0,true
3998,8263.3114,0,8263.3114,false
4110,0,3251.289,3251.289,false
4118,3738.4865,0,3738.4865,false
4206,2449.2292,0,2449.2292,false
4225,0,5517.2359,5517.2359,false
4292,4658.0144,0,4658.0144,false
4313,5522.327,0,5522.327,false
4315,6390.8334,0,6390.8334,false
4384,920.639,0,920.639,false
4457,9676.054,0,9676.054,false
4458,0,6458.8457,6458.8457,false
4478,1706.0497,0,1706.0497,false
4501,0,33.0259,33.0259,false
4546,0,4673.4314,4673.4314,false
4582,4209.4175,0,4209.4175,false
4602,0,0,0,true
4632,5738.0096,0,5738.0096,false
4639,7672.7009,0,7672.7009,false
4646,4993.02,0,4993.02,false
4691,0,3567.4103,3567.4103,false
4728,8896.06,0,8896.06,false
4742,4552.2179,0,4552.2179,false
4788,8907.7612,0,8907.7612,false
4812,0,2173.2486,2173.2486,false
4858,5313.6431,0,5313.6431,false
4885,0,7928.3228,7928.3228,false
4891,5496.5405,0,5496.5405,false
4920,0,4622.519,4622.519,false
4963,9849.0875,0,9849.0875,false
4978,7478.2195,0,7478.2195,false
5059,586.0936,0,586.0936,false
5080,3471.4502,0,3471.4502,false
5133,6985.891,0,6985.891,false
5156,9521.8083,0,9521.8083,false
5168,0,3101.8155,3101.8155,false
5195,6341.3369,0,6341.3369,false
5196,3979.4032,0,3979.4032,false
5200,458.8695,0,458.8695,false
5214,0,9272.134,9272.134,false
5237,0,0,0,true
5259,6236.6624,0,6236.6624,false
5321,4554.1003,0,4554.1003,false
5326,8513.41,0,8513.41,false
5352,4271.4687,0,4271.4687,false
5356,0,0,0,true
5406,7445.753,0,7445.753,false
5437,5192.3981,0,5192.3981,false
5611,9819.0492,0,9819.0492,false
5657,9917.6553,0,9917.6553,false
5705,542.5637,0,542.5637,false
5711,4385.0006,0,4385.0006,false
5713,0,9990.3235,9990.3235,false
5727,5612.1979,0,5612.1979,false
5866,4967.0555,0,4967.0555,false
5928,0,0,0,true
5941,0,6722.0147,6722.0147,false
5976,8543.93,0,8543.93,false
6018,0,9584.02,9584.02,false
6022,986.192,0,986.192,false
6045,0,9348.2181,9348.2181,false
6079,0,2068.17,2068.17,false
6107,9964.3366,0,9964.3366,false
6146,2553.448,0,2553.448,false
6226,5356.1878,0,5356.1878,false
6287,0,1318.516,1318.516,false
6297,0,0,0,true
6300,5752.539,0,5752.539,false
6304,0,55.8096,55.8096,false
6427,3387.5062,0,3387.5062,false
6441,1726.0525,0,1726.0525,false
6477,7309.7819,0,7309.7819,false
6548,1860.6791,0,1860.6791,false
6574,0,1664.69,1664.69,false
6748,5071.9003,0,5071.9003,false
6788,6763.5539,0,6763.5539,false
6888,4405.0949,0,4405.0949,false
6932,2397.69,0,2397.69,false
6951,4090.0898,0,4090.0898,false
6961,0,0,0,true
6966,0,1663.8922,1663.8922,false
6983,7783.9385,0,7783.9385,false
7003,4984.5741,0,4984.5741,false
7038,0,0,0,true
7057,6167.3505,0,6167.3505,false
7128,721.1514,0,721.1514,false
7143,853.001,0,853.001,false
7145,10428.3446,0,10428.3446,false
7188,0,0,0,true
7235,7891.0677,0,7891.0677,false
7241,2481.68,0,2481.68,false
7286,1759.6218,0,1759.6218,false
7361,0,0,0,true
7393,2624.74,0,2624.74,false
7451,802.8606,0,802.8606,false
7538,8241.3427,0,8241.3427,false
7548,9009.12,0,9009.12,false
7550,498.5714,0,498.5714,false
7589,3561.1809,0,3561.1809,false
7597,9054.72,0,9054.72,false
7604,0,0,0,true
7650,5186.5185,0,5186.5185,false
7658,9290.5565,0,9290.5565,false
7724,9735.1007,0,9735.1007,false
7727,629.37,0,629.37,false
7756,481.0875,0,481.0875,false
7762,6711.8925,0,6711.8925,false
7779,7351.877,0,7351.877,false
7793,3149.4008,0,3149.4008,false
7847,6028.5174,0,6028.5174,false
7851,7037.3403,0,7037.3403,false
7911,4981.82,0,4981.82,false
7957,0,5857.61,5857.61,false
8121,8541.9988,0,8541.9988,false
8132,9127.7301,0,9127.7301,false
8171,9543.0706,0,9543.0706,false
8177,8663.5577,0,8663.5577,false
8255,0,8815.2712,8815.2712,false
8278,5378.64,0,5378.64,false
8378,0,0,0,true
8416,8032.8971,0,8032.8971,false
8435,1418.3311,0,1418.3311,false
8502,3799.7576,0,3799.7576,false
8547,0,0,0,true
8563,5693.226,0,5693.226,false
8604,6884.8829,0,6884.8829,false
8617,7456.223,0,7456.223,false
8635,6362.3276,0,6362.3276,false
8707,865.2819,0,865.2819,false
8746,0,0,0,true
8763,762.0651,0,762.0651,false
8776,0,9639.662,9639.662,true
8923,2410.2056,0,2410.2056,false
8975,4451.3854,0,4451.3854,false
8979,6478.52,0,6478.52,false
9027,6819.801,0,6819.801,false
9034,0,0,0,true
9072,7886.4,0,7886.4,false
9074,1851.9224,0,1851.9224,false
9083,6763.51,0,6763.51,false
9095,9560.8423,0,9560.8423,false
9110,4593.34,0,4593.34,false
9252,8967.2319,0,8967.2319,false
9295,0,2134.33,2134.33,false
9313,6335.533,0,6335.533,false
9356,4956.9117,0,4956.9117,false
9367,1730.6105,0,1730.6105,false
9372,7949.75,0,7949.75,false
9385,8310.23,0,8310.23,false
9401,4702.3857,0,4702.3857,false
9402,8861.082,0,8861.082,false
9450,0,9001.21,9001.21,false
9491,0,0,0,true
9537,0,5129.0718,5129.0718,false
9611,6900.7014,0,6900.7014,false
9630,0,0,0,true
9676,2756.4705,0,2756.4705,false
9856,0,0,0,true
9932,8629.5927,0,8629.5927,false
9966,9108.8135,0,9108.8135,false
9967,7373.3528,0,7373.3528,false
10067,7471.8145,0,7471.8145,false
10082,0,0,0,true
10083,5607.5244,0,5607.5244,false
10143,7974.728,0,7974.728,false
10154,734.66,0,734.66,false
10334,9019.8518,0,9019.8518,false
10372,4026.2444,0,4026.2444,false
10383,0,4422.6901,4422.6901,false
10395,5711.3414,0,5711.3414,false
10475,4375.5114,0,4375.5114,false
10503,251.1147,0,251.1147,false
10605,430.8116,0,430.8116,false
10608,0,0,0,true
10636,5286.6411,0,5286.6411,false
10696,5949.108,0,5949.108,false
10700,9463.357,0,9463.357,false
10704,9264.971,0,9264.971,false
10725,0,7835.868,7835.868,false
10740,0,0,0,true
10833,0,0,0,true
10877,9713.2049,0,9713.2049,false
10888,6486.757,0,6486.757,false
10912,2501.668,0,2501.668,false
10913,9907.7199,0,9907.7199,false
10916,0,0,0,true
10923,0,5616.0709,5616.0709,false
10949,1536.5752,0,1536.5752,false
11006,0,0,0,true
11052,3369.5265,0,3369.5265,false
11102,0,2093.4409,2093.4409,false
11216,0,8583.04,8583.04,false
11323,839.57,0,839.57,false
11329,6499.1001,0,6499.1001,false
11369,0,1098.0074,1098.0074,false
11384,4312.5496,0,4312.5496,false
11419,4776.6979,0,4776.6979,false
11425,409.84,0,409.84,false
11500,1989.28,0,1989.28,false
11512,7931.3845,0,7931.3845,false
11517,2375.2729,0,2375.2729,false
11642,3151.8072,0,3151.8072,false
11654,5113.2606,0,5113.2606,false
11660,3763.49,0,3763.49,false
11677,7888.5679,0,7888.5679,false
11691,461.639,0,461.639,false
11695,5672.553,0,5672.553,false
11717,0,0,0,true
11740,8405.5381,0,8405.5381,false
11808,0,1101.9683,1101.9683,false
11858,0,4547.8754,4547.8754,false
11861,739.1385,0,739.1385,false
11865,7553.5553,0,7553.5553,false
11961,250.282,0,250.282,false
11997,1658.5463,0,1658.5463,false
12053,4194.434,0,4194.434,false
12060,4562.9405,0,4562.9405,false
12068,0,4353.3142,4353.3142,false
12085,7266.51,0,7266.51,false
12106,0,2571.6687,2571.6687,false
12134,1907.323,0,1907.323,false
12164,8645.57,0,8645.57,false
12178,6492.0904,0,6492.0904,false
12203,6294.936,0,6294.936,false
12205,6911.4236,0,6911.4236,false
12244,8345.0845,0,8345.0845,false
12309,0,0,0,true
12313,0,4286.9381,4286.9381,false
12321,0,0,0,true
12326,9091.4518,0,9091.4518,false
12374,2922.4928,0,2922.4928,false
12421,7124.2727,0,7124.2727,false
12476,0,6997.5627,6997.5627,false
12521,0,2040.705,2040.705,false
12528,7220.01,0,7220.01,false
12574,3311.636,0,3311.636,false
12588,0,0,0,true
12589,6552.374,0,6552.374,false
12642,3494.36,0,3494.36,false
12665,5271.0419,0,5271.0419,false
12728,0,9017.0699,9017.0699,false
12856,7146.219,0,7146.219,false
12862,5326.0346,0,5326.0346,false
12863,7082.3017,0,7082.3017,false
12878,9204.7005,0,9204.7005,false
12984,0,0,0,true
13066,1095.1221,0,1095.1221,false
13103,8188.5,0,8188.5,false
13176,0,0,0,true
13178,0,0,0,true
13192,5754.991,0,5754.991,false
13202,8450.6888,0,8450.6888,false
13242,0,606.81,606.81,false
13395,1967.45,0,1967.45,false
13483,0,0,0,true
13523,2200.0803,0,2200.0803,false
13581,0,0,0,true
13587,2794.6832,0,2794.6832,false
13605,6794.6479,0,6794.6479,false
13606,7565.7098,0,7565.7098,false
13664,1889.2999,0,1889.2999,false
13690,473.37,0,473.37,false
13701,4979.864,0,4979.864,false
13704,9632.5569,0,9632.5569,false
13738,5511.3016,0,5511.3016,false
13772,6172.96,0,6172.96,false
13835,5436.7733,0,5436.7733,false
13866,0,1056.8978,1056.8978,false
13877,2431.788,0,2431.788,false
13880,0,9071.8393,9071.8393,false
13900,0,0,0,true
13915,1120.693,0,1120.693,false
13935,1698.2713,0,1698.2713,false
13943,0,3577.5269,3577.5269,false
13964,2785.127,0,2785.127,false
14003,7679.009,0,7679.009,false
14024,0,0,0,true
14107,0,0,0,true
14273,6189.6901,0,6189.6901,false
14319,9272.1044,0,9272.1044,false
14320,8334.6717,0,8334.6717,false
14353,0,9548.0106,9548.0106,false
14359,6163.6673,0,6163.6673,false
14361,4685.5715,0,4685.5715,false
14474,2202.57,0,2202.57,false
14480,5647.0802,0,5647.0802,false
14483,9146.092,0,9146.092,false
14488,5186.25,0,5186.25,false
14497,4017.4505,0,4017.4505,false
14533,0,4017.4503,4017.4503,false
14559,0,1372.457,1372.457,false
14604,0,9290.7868,9290.7868,false
14605,3672.9698,0,3672.9698,false
14628,9566.907,0,9566.907,false
14644,5136.26,0,5136.26,false
14673,0,8321.11,8321.11,false
14710,3116.29,0,3116.29,false
14905,5837.292,0,5837.292,false
14910,4064.7321,0,4064.7321,false
14918,495.426,0,495.426,false
14964,4808.9343,0,4808.9343,false
14971,1233.3887,0,1233.3887,false
14975,0,4178.02,4178.02,false
14998,9669.1051,0,9669.1051,false
15063,3314.0183,0,3314.0183,false
15099,3567.5513,0,3567.5513,false
15201,5561.306,0,5561.306,false
15252,1015.04,0,1015.04,false
15296,6643.4961,0,6643.4961,false
15315,0,2238.76,2238.76,false
15339,8954.9009,0,8954.9009,false
15411,0,0,0,true
15416,3387.852,0,3387.852,false
15439,5865.2432,0,5865.2432,false
15458,0,8146.0462,8146.0462,false
15516,6215.9013,0,6215.9013,false
15555,0,2595.09,2595.09,false
15591,8124.5992,0,8124.5992,false
15620,7623.235,0,7623.235,false
15678,1061.2278,0,1061.2278,false
15688,0,6012.4135,6012.4135,false
15728,0,7438.37,7438.37,false
15784,1044.7348,0,1044.7348,false
15834,266.3497,0,266.3497,false
15844,279.893,0,279.893,false
15872,541.2544,0,541.2544,false
15972,5041.2441,0,5041.2441,false
16008,6328.7752,0,6328.7752,false
16015,338.4116,0,338.4116,false
16033,4054.178,0,4054.178,false
16060,4316.418,0,4316.418,false
16062,9310.626,0,9310.626,false
16075,4564.3716,0,4564.3716,false
16095,0,6348.03,6348.03,false
16106,9408.8431,0,9408.8431,false
16175,0,0,0,true
16217,8249.7958,0,8249.7958,false
16387,9624.6328,0,9624.6328,false
16409,0,8949.58,8949.58,false
16422,2216.0296,0,2216.0296,false
16431,9203.8972,0,9203.8972,false
16455,0,9843.091,9843.091,false
16482,4099.15,0,4099.15,false
16508,8798.4514,0,8798.4514,false
16527,722.4964,0,722.4964,false
16534,5346.039,0,5346.039,false
16582,0,810.7872,810.7872,false
16628,9178.128,0,9178.128,false
16760,9208.03,0,9208.03,false
16769,7736.8878,0,7736.8878,false
16787,0,7823.0304,7823.0304,false
16827,4486.252,0,4486.252,false
16908,8872.7969,0,8872.7969,false
16974,2545.6933,0,2545.6933,false
16999,0,7264.2805,7264.2805,false
17019,6995.4153,0,6995.4153,false
17024,0,9314.14,9314.14,false
17066,0,7968.5987,7968.5987,false
17076,571.7348,0,571.7348,false
17083,7139.352,0,7139.352,false
17088,0,0,0,true
17162,3454.6232,0,3454.6232,false
17173,9278.073,0,9278.073,false
17185,0,0,0,true
17226,1994.2527,0,1994.2527,false
17288,0,5631.7843,5631.7843,false
17299,8511.7297,0,8511.7297,false
17313,2799.9077,0,2799.9077,false
17324,7449.76,0,7449.76,false
17333,8239.7851,0,8239.7851,false
17344,6160.733,0,6160.733,false
17365,1629.3755,0,1629.3755,false
17428,1767.925,0,1767.925,false
17553,0,8013.9824,8013.9824,false
17554,9886.586,0,9886.586,false
17594,0,7550.8522,7550.8522,false
17611,6579.01,0,6579.01,false
17630,0,0,0,true
17653,0,7418.9214,7418.9214,false
17669,7856.6238,0,7856.6238,false
17675,0,6016.0358,6016.0358,false
17684,3770.6406,0,3770.6406,false
17698,0,0,0,true
17729,8532.9397,0,8532.9397,false
17737,8770.2931,0,8770.2931,false
17807,0,2742.229,2742.229,false
17809,0,3890.1206,3890.1206,false
17920,5900.13,0,5900.13,false
17921,0,0,0,true
17941,3105.741,0,3105.741,false
17947,0,0,0,true
18037,2284.8978,0,2284.8978,false
18047,6351.347,0,6351.347,false
18076,3715.8359,0,3715.8359,false
18087,0,8189.5863,8189.5863,false
18189,6566.46,0,6566.46,false
18301,6778.5356,0,6778.5356,false
18305,9727.0143,0,9727.0143,false
18326,6119.5703,0,6119.5703,false
18360,2725.617,0,2725.617,false
18361,8831.1147,0,8831.1147,false
18424,2232.1988,0,2232.1988,false
18439,4916.5356,0,4916.5356,false
18442,0,0,0,true
18451,4251.4243,0,4251.4243,false
18535,0,0,0,true
18597,0,3069.4704,3069.4704,false
18604,0,5645.0027,5645.0027,false
18638,4468.28,0,4468.28,false
18739,9767.287,0,9767.287,false
18769,858.0704,0,858.0704,false
18810,4171.581,0,4171.581,false
18818,5308.5616,0,5308.5616,false
18835,6917.4205,0,6917.4205,false
18914,7895.17,0,7895.17,false
18929,0,9510.791,9510.791,false
18956,0,0,0,true
18964,3195.2395,0,3195.2395,false
18991,3306.0673,0,3306.0673,false
19109,4195.3776,0,4195.3776,false
19136,7743.3323,0,7743.3323,false
19359,1235.3679,0,1235.3679,false
19360,6625.7332,0,6625.7332,false
19414,0,0,0,true
19424,3699.068,0,3699.068,false
19480,936.5047,0,936.5047,false
19512,8121.4909,0,8121.4909,false
19525,0,1207.7896,1207.7896,false
19530,0,8085.7969,8085.7969,false
19531,5732.4342,0,5732.4342,false
19555,0,0,0,true
19560,571.8905,0,571.8905,false
19562,0,8344.8858,8344.8858,false
19587,0,337.007,337.007,false
19594,0,4291.1984,4291.1984,false
19596,0,1817.1987,1817.1987,false
19597,9065.8506,0,9065.8506,false
19610,7562.0198,0,7562.0198,false
19628,4236.29,0,4236.29,false
19649,3214.1503,0,3214.1503,false
19705,8894.5205,0,8894.5205,false
19773,2117.412,0,2117.412,false
19781,9154.9148,0,9154.9148,false
19789,9587.9036,0,9587.9036,false
19804,8678.9277,0,8678.9277,false
19813,0,10716.4078,10716.4078,false
19817,7161.4959,0,7161.4959,false
19819,0,2453.3341,2453.3341,false
19829,0,8521.79,8521.79,false
19835,2134.0823,0,2134.0823,false
19868,7061.74,0,7061.74,false
19889,0,9802.8624,9802.8624,false
19937,0,7418.3036,7418.3036,false
19969,5371.9139,0,5371.9139,false
20040,0,6016.8848,6016.8848,false
20064,9267.848,0,9267.848,false
20065,6334.5775,0,6334.5775,false
20162,1424.6084,0,1424.6084,false
20192,4577.9926,0,4577.9926,false
20213,6742.5265,7316.1118,14058.6383,false
20224,0,3287.848,3287.848,false
20240,69.9217,0,69.9217,false
20315,6109.3547,0,6109.3547,false
20327,6282.9824,0,6282.9824,false
20411,6455.116,0,6455.116,false
20442,5082.5039,0,5082.5039,false
20463,0,5494.4597,5494.4597,false
20489,3802.8236,0,3802.8236,false
20512,207.0453,0,207.0453,false
20565,9695.01,0,9695.01,false
20705,0,0,0,true
20722,9173.9423,0,9173.9423,false
20755,8707.49,0,8707.49,false
20784,1438.7414,0,1438.7414,false
20895,6957.28,0,6957.28,false
20950,0,7747.8477,7747.8477,false
20959,0,0,0,true
21004,3207.79,0,3207.79,false
21046,1609.25,0,1609.25,false
21066,8191.8885,0,8191.8885,false
21152,2570.8988,0,2570.8988,false
21197,9178.5056,0,9178.5056,false
21201,0,18177.2831,18177.2831,false
21277,0,1880.4744,1880.4744,false
21293,8558.226,0,8558.226,false
21307,7002.005,0,7002.005,false
21328,5937.15,0,5937.15,false
21329,4591.2639,0,4591.2639,false
21384,0,0,0,true
21412,3716.7136,0,3716.7136,false
21452,5348.617,0,5348.617,false
21480,0,0,0,true
21513,0,9627.87,9627.87,false
21531,2009.9025,0,2009.9025,false
21576,1476.636,0,1476.636,false
21589,7673.3209,0,7673.3209,false
21610,7597.7248,0,7597.7248,false
21679,3652.0708,0,3652.0708,false
21697,2543.156,0,2543.156,false
21736,0,8134.1855,8134.1855,false
21751,8574.2059,0,8574.2059,false
21769,0,3541.816,3541.816,false
21778,0,2786.3525,2786.3525,false
21814,0,0,0,true
21969,946.7064,0,946.7064,false
22035,6550.225,0,6550.225,false
22041,8233.71,0,8233.71,false
22052,8917.7503,0,8917.7503,false
22084,0,5572.0263,5572.0263,false
22093,0,0,0,true
22209,0,0,0,true
22242,8721.3432,0,8721.3432,false
22270,0,8543.6261,8543.6261,false
22350,0,4607.5187,4607.5187,false
22360,6200.6982,0,6200.6982,false
22412,8587.172,0,8587.172,false
22461,1926.6703,0,1926.6703,false
22541,0,8239.5781,8239.5781,false
22548,1693.437,0,1693.437,false
22549,0,0,0,true
22566,5610.7301,0,5610.7301,false
22577,6288.1414,0,6288.1414,false
22635,7134.2311,0,7134.2311,false
22651,8842.106,0,8842.106,false
22661,0,9515.7434,9515.7434,false
22735,8421.7064,0,8421.7064,false
22774,5977.3383,0,5977.3383,false
22812,1732.1,0,1732.1,false
22820,3248.4765,0,3248.4765,false
22905,7852.3132,0,7852.3132,false
22964,0,3531.9756,3531.9756,false
22970,2084.4264,0,2084.4264,false
23074,0,8685.2805,8685.2805,false
23188,9307.3397,0,9307.3397,false
23231,0,4972.68,4972.68,false
23236,0,0,0,true
23243,0,0,0,true
23277,6412.38,0,6412.38,false
23321,16615.458,0,16615.458,false
23343,5531.9472,0,5531.9472,false
23465,7098.8587,0,7098.8587,false
23474,0,9200.27,9200.27,false
23553,0,1076.0499,1076.0499,false
23571,0,0,0,true
23589,9376.72,0,9376.72,false
23592,0,0,0,true
23595,0,3912.8521,3912.8521,false
23596,9939.1153,0,9939.1153,false
23598,5320.2841,0,5320.2841,false
23645,0,0,0,true
23646,6135.8638,0,6135.8638,false
23677,8268.614,0,8268.614,false
23728,3249.872,0,3249.872,false
23749,0,0,0,true
23784,3155.2094,0,3155.2094,false
23822,4098.7728,0,4098.7728,false
23830,5713.73,0,5713.73,false
23862,5125.56,0,5125.56,false
23871,2151.3334,0,2151.3334,false
23971,2241.507,0,2241.507,false
23978,1451.3587,0,1451.3587,false
23996,9663.5886,0,9663.5886,false
23997,9116.2278,0,9116.2278,false
24008,2663.62,0,2663.62,false
24084,0,2504.4103,2504.4103,false
24109,1311.8977,0,1311.8977,false
24117,0,0,0,true
24141,9651.0383,0,9651.0383,false
24146,8401.9805,0,8401.9805,false
24155,8488.82,0,8488.82,false
24166,6518.2462,0,6518.2462,false
24222,0,0,0,true
24251,2612.848,0,2612.848,false
24252,4668.7462,0,4668.7462,false
24255,5978.8186,0,5978.8186,false
24259,3562.7,0,3562.7,false
24294,431.0007,0,431.0007,false
24310,1573.3665,0,1573.3665,false
24334,109.9598,0,109.9598,false
24421,576.3143,0,576.3143,false
24448,907.984,0,907.984,false
24464,0,4321.1239,4321.1239,false
24470,9088.26,0,9088.26,false
24515,8939.018,0,8939.018,false
24574,0,0,0,true
24617,3763.3296,0,3763.3296,false
24636,6864.73,0,6864.73,false
24686,0,4238.1063,4238.1063,false
24708,0,0,0,true
24726,2387.4911,0,2387.4911,false
24739,0,0,0,true
24750,9634.5301,0,9634.5301,false
24758,1773.6605,0,1773.6605,false
24762,6358.4208,0,6358.4208,false
24801,288.1645,0,288.1645,false
24805,4029.84,0,4029.84,false
24852,2469.22,0,2469.22,false
24873,5174.8554,0,5174.8554,false
24901,2814.5896,0,2814.5896,false
24913,6192.61,0,6192.61,false
25002,0,9282.828,9282.828,false
25027,9443.8272,3747.5156,13191.3427,false
25040,9383.476,0,9383.476,false
25043,3539.9621,0,3539.9621,false
25118,7593.2604,0,7593.2604,false
25140,7457.1405,0,7457.1405,false
25150,8540.8034,0,8540.8034,false
25212,5369.274,0,5369.274,false
25216,411.09,0,411.09,false
25245,9775.5377,0,9775.5377,false
25251,5557.73,0,5557.73,false
25270,0,0,0,true
25279,6562.6143,0,6562.6143,false
25320,0,3683.5106,3683.5106,false
25330,0,9384.3709,9384.3709,false
25380,4645.2356,0,4645.2356,false
25393,0,1234.5047,1234.5047,false
25396,1409.6228,0,1409.6228,false
25433,7026.619,0,7026.619,false
25449,6215.0884,0,6215.0884,false
25481,317.3825,0,317.3825,false
25484,279.4677,0,279.4677,false
25551,8691.17,0,8691.17,false
25572,6083.9195,0,6083.9195,false
25574,3593.3754,0,3593.3754,false
25601,409.9883,0,409.9883,false
25711,4772.3189,0,4772.3189,false
25856,5768.4004,0,5768.4004,false
25859,1323.6331,0,1323.6331,false
25885,0,0,0,true
25911,2657.874,0,2657.874,false
25919,0,0,0,true
25946,3238.28,0,3238.28,false
25963,0,2607.8932,2607.8932,false
26009,0,7937.3525,7937.3525,false
26013,6859.4645,0,6859.4645,false
26092,0,3196.0166,3196.0166,false
26094,2518.3956,0,2518.3956,false
26108,6804.6746,0,6804.6746,false
26114,5847.067,0,5847.067,false
26147,951.2618,0,951.2618,false
26171,8311.7313,0,8311.7313,false
26176,0,0,0,true
26186,166.86,0,166.86,false
26256,5917.31,0,5917.31,false
26261,1636.669,0,1636.669,false
26264,0,0,0,true
26272,0,0,0,true
26292,4597.3824,0,4597.3824,false
26312,4.295,0,4.295,false
26330,2525.7525,0,2525.7525,false
26358,1310.6296,0,1310.6296,false
26382,0,0,0,true
26399,1438.3278,0,1438.3278,false
26423,7971.8549,0,7971.8549,false
26439,2103.9395,0,2103.9395,false
26466,6204.38,0,6204.38,false
26484,3970.7304,0,3970.7304,false
26497,0,6477.1752,6477.1752,false
26501,5475.3614,0,5475.3614,false
26531,6885.3272,0,6885.3272,false
26658,8326.4498,0,8326.4498,false
26660,0,5872.3121,5872.3121,false
26694,0,8573.042,8573.042,false
26731,0,2320.8088,2320.8088,false
26776,5646.11,0,5646.11,false
26793,0,0,0,true
26841,7662.9863,0,7662.9863,false
26884,6671.1772,0,6671.1772,false
26897,0,0,0,true
26956,4268.1872,0,4268.1872,false
26972,0,8415.641,8415.641,false
26974,0,2431.06,2431.06,false
27045,8889.3181,0,8889.3181,false
27060,0,7896.9376,7896.9376,false
27075,4077.1451,0,4077.1451,false
27099,0,1489.0751,1489.0751,false
27203,7874.3713,0,7874.3713,false
27232,6960.0892,0,6960.0892,false
27254,1621.37,0,1621.37,false
27273,3270.7007,0,3270.7007,false
27281,0,5613.3422,5613.3422,false
27294,4625.9645,0,4625.9645,false
27296,85.4437,0,85.4437,false
27297,209.2367,0,209.2367,false
27333,3235.8794,0,3235.8794,false
27341,6484.986,0,6484.986,false
27353,2971.7417,0,2971.7417,false
27357,9090.95,0,9090.95,false
27417,0,9571.554,9571.554,false
27448,9581.26,0,9581.26,false
27450,0,1831.108,1831.108,false
27493,3960.701,0,3960.701,false
27497,3539.1701,0,3539.1701,false
27521,0,5176.7395,5176.7395,false
27556,0,8214.1475,8214.1475,false
27577,8949.8263,0,8949.8263,false
27586,5716.5959,0,5716.5959,false
27615,7753.2,0,7753.2,false
27650,503.5488,0,503.5488,false
27708,3334.5902,0,3334.5902,false
27718,9863.4821,0,9863.4821,false
27728,5497.0842,0,5497.0842,false
27788,4552.859,0,4552.859,false
27875,0,2584.7875,2584.7875,false
27963,0,0,0,true
27985,8835.2966,0,8835.2966,false
28020,5124.95,0,5124.95,false
28118,9205.326,0,9205.326,false
28170,6575.3169,0,6575.3169,false
28177,1504.82,0,1504.82,false
28202,6085.8333,0,6085.8333,false
28220,0,558.828,558.828,false
28353,7931.877,0,7931.877,false
28390,4660.0546,0,4660.0546,false
28448,0,8183.592,8183.592,false
28487,2982.15,0,2982.15,false
28549,5245.1,0,5245.1,false
28558,7335.679,0,7335.679,false
28652,0,0,0,true
28653,3476.6064,0,3476.6064,false
28659,7930.0738,0,7930.0738,false
28693,0,0,0,true
28717,975.186,0,975.186,false
28741,8581.352,0,8581.352,false
28826,0,0,0,true
28864,311.3236,0,311.3236,false
28886,3214.8754,0,3214.8754,false
28906,9370.095,0,9370.095,false
28982,7393.5754,0,7393.5754,false
28998,8489.0341,0,8489.0341,false
29001,0,9119.85,9119.85,false
29048,0,2997.2681,2997.2681,false
29127,0,213.56,213.56,false
29157,0,5829.5179,5829.5179,false
29194,0,6686.96,6686.96,false
29199,364.1556,0,364.1556,false
29285,7464.187,0,7464.187,false
29286,0,0,0,true
29317,3266.7501,0,3266.7501,false
29379,2921.78,0,2921.78,false
29425,0,2975.8422,2975.8422,false
29471,6553.08,0,6553.08,false
29485,3002.7432,0,3002.7432,false
29518,0,5729.77,5729.77,false
29606,3844.9654,0,3844.9654,false
29626,0,979.9056,979.9056,false
29642,3262.9632,0,3262.9632,false
29681,5082.6017,0,5082.6017,false
29730,0,8505.632,8505.632,false
29764,8586.1983,0,8586.1983,false
29778,0,8726.5779,8726.5779,false
29825,6445.3898,0,6445.3898,false
29852,1544.2888,0,1544.2888,false
29860,0,3138.9309,3138.9309,false
29863,1484.8747,0,1484.8747,false
29866,5462.1967,0,5462.1967,false
29868,3759.2231,0,3759.2231,false
29889,323.892,0,323.892,false
29907,1664.1684,0,1664.1684,false
29920,2749.2059,0,2749.2059,false
29922,7770.9,0,7770.9,false
29928,1478.9499,0,1478.9499,false
30046,0,0,0,true
30058,0,0,0,true
30140,1716.9548,0,1716.9548,false
30253,5684.165,0,5684.165,false
30309,7475.3132,0,7475.3132,false
30328,7706.5428,0,7706.5428,false
30352,0,879.408,879.408,false
30368,6142.1062,0,6142.1062,false
30429,6448.5259,0,6448.5259,false
30430,0,0,0,true
30462,5486.5667,0,5486.5667,false
30472,0,0,0,true
30506,5041.6679,0,5041.6679,false
30540,0,9508.4621,9508.4621,false
30599,0,1551.63,1551.63,false
30600,447.3772,0,447.3772,false
30640,0,2247.701,2247.701,false
30649,4452.5637,0,4452.5637,false
30673,8928.958,0,8928.958,false
30683,1226.8579,0,1226.8579,false
30730,6679.33,0,6679.33,false
30732,6295.5886,0,6295.5886,false
30777,8079.7989,0,8079.7989,false
30800,7885.9253,0,7885.9253,false
30872,8739.6466,0,8739.6466,false
30874,5000.24,0,5000.24,false
30907,2993.991,0,2993.991,false
30914,124.766,0,124.766,false
30935,5248.72,0,5248.72,false
31062,2330.2846,0,2330.2846,false
31093,7334.62,0,7334.62,false
31096,8306.43,0,8306.43,false
31107,0,761.488,761.488,false
31137,9946.1471,0,9946.1471,false
31200,0,0,0,true
31209,0,4535.9888,4535.9888,false
31244,17298.9315,0,17298.9315,false
31272,1641.4267,0,1641.4267,false
31296,795.0827,0,795.0827,false
31326,4518.3701,0,4518.3701,false
31356,378.018,0,378.018,false
31521,0,0,0,true
31568,874.4075,0,874.4075,false
31579,8238.104,0,8238.104,false
31627,6906.62,0,6906.62,false
31654,8939.39,0,8939.39,false
31723,3831.55,0,3831.55,false
31741,0,343.7228,343.7228,false
31902,0,941.4876,941.4876,false
31910,7089.9,0,7089.9,false
31912,2256.74,0,2256.74,false
31919,5301.0635,0,5301.0635,false
31946,7495.7709,0,7495.7709,false
31984,9138.9195,0,9138.9195,false
32014,0,8808.2255,8808.2255,false
32016,124.5314,0,124.5314,false
32107,933.24,0,933.24,false
32116,0,4447.2535,4447.2535,false
32178,5795.3963,0,5795.3963,false
32211,8940.7539,0,8940.7539,false
32294,9371.5115,0,9371.5115,false
32315,5240.8704,0,5240.8704,false
32338,5157.0749,0,5157.0749,false
32367,0,9727.51,9727.51,false
32437,0,0,0,true
32438,6893.9515,0,6893.9515,false
32442,3436.045,0,3436.045,false
32474,7500.5296,0,7500.5296,false
32537,259.6051,0,259.6051,false
32540,0,7908.7194,7908.7194,false
32576,4948.3216,0,4948.3216,false
32585,0,0,0,true
32592,0,0,0,true
32612,0,6694.8127,6694.8127,false
32626,0,0,0,true
32661,0,0,0,true
32664,1261.3159,0,1261.3159,false
32671,6710.72,0,6710.72,false
32679,0,0,0,true
32740,3595.1518,0,3595.1518,false
32819,8434.16,0,8434.16,false
32832,5834.066,0,5834.066,false
32866,0,0,0,true
32869,6246.7222,0,6246.7222,false
32912,0,5222.8813,5222.8813,false
32975,2502.4061,0,2502.4061,false
33005,5264.6537,0,5264.6537,false
33014,0,0,0,true
33019,8336.159,0,8336.159,false
33034,0,4483.174,4483.174,false
33056,0,0,0,true
33067,0,5150.248,5150.248,false
33085,0,5400.9414,5400.9414,false
33107,0,733.8804,733.8804,false
33113,3474.6018,0,3474.6018,false
33137,8660.8017,0,8660.8017,false
33160,3562.889,0,3562.889,false
33318,7104.1456,0,7104.1456,false
33347,3193.7443,0,3193.7443,false
33369,2459.44,0,2459.44,false
33398,4490.9632,0,4490.9632,false
33493,9444.163,0,9444.163,false
33504,2453.6617,0,2453.6617,false
33559,5339.6812,0,5339.6812,false
33571,0,0,0,true
33587,8321.2158,0,8321.2158,false
33601,4438.2397,0,4438.2397,false
33638,504.285,0,504.285,false
33645,702.568,0,702.568,false
33706,6628.5837,0,6628.5837,false
33756,6916.7822,0,6916.7822,false
33757,9910.712,0,9910.712,false
33797,4727.7919,0,4727.7919,false
33811,4184.0975,0,4184.0975,false
33873,5889.5044,0,5889.5044,false
33881,926.09,0,926.09,false
33996,1186.6658,0,1186.6658,false
34091,2926.4838,0,2926.4838,false
34105,8463.6262,0,8463.6262,false
34143,7882.7246,0,7882.7246,false
34149,8169.399,0,8169.399,false
34159,6371.8416,0,6371.8416,false
34163,1788.403,0,1788.403,false
34176,0,0,0,true
34196,0,7094.393,7094.393,false
34197,5898.0482,0,5898.0482,false
34227,1937.4315,0,1937.4315,false
34258,0,630.5027,630.5027,false
34305,0,5924.8986,5924.8986,false
34344,0,0,0,true
34351,8811.1476,0,8811.1476,false
34392,9358.2899,0,9358.2899,false
34408,0,9367.5607,9367.5607,false
34435,2872.36,0,2872.36,false
34437,4499.7053,0,4499.7053,false
34499,0,6345.0883,6345.0883,false
34526,0,0,0,true
34538,2119.425,0,2119.425,false
34562,0,0,0,true
34565,7125.125,0,7125.125,false
34598,5439.9411,0,5439.9411,false
34668,7851.744,0,7851.744,false
34669,8658.9015,9695.59,18354.4915,false
34682,5760.739,0,5760.739,false
34684,4705.217,0,4705.217,false
34724,9566.36,0,9566.36,false
34790,6521.0351,0,6521.0351,false
34803,9163.976,0,9163.976,false
34875,0,0,0,true
34924,6534.5861,0,6534.5861,false
34971,6710.1,0,6710.1,false
34988,5973.55,0,5973.55,false
35102,0,1838.5248,1838.5248,false
35114,1875.7077,0,1875.7077,false
35126,6901.9753,0,6901.9753,false
35143,2546.1766,0,2546.1766,false
35226,4432.7382,0,4432.7382,false
35264,6600.4951,0,6600.4951,false
35267,0,9124.354,9124.354,false
35304,547.8709,0,547.8709,false
35333,5198.9108,0,5198.9108,false
35385,3280.2974,0,3280.2974,false
35390,0,5773.5513,5773.5513,false
35459,3572.6822,0,3572.6822,false
35493,0,7086.5866,7086.5866,false
35495,6135.2,0,6135.2,false
35522,0,0,0,true
35582,3921.329,0,3921.329,false
35617,7039.5367,0,7039.5367,false
35636,2566.7198,0,2566.7198,false
35648,2782.22,0,2782.22,false
35649,0,486.1671,486.1671,false
35661,5600.5741,0,5600.5741,false
35674,6021.7065,0,6021.7065,false
35777,9467.1856,0,9467.1856,false
35792,0,3185.645,3185.645,false
35795,0,7610.019,7610.019,false
35826,6887.5,0,6887.5,false
35837,3529.405,0,3529.405,false
35884,0,6089.4436,6089.4436,false
35905,4937.4901,0,4937.4901,false
35909,7223.8055,0,7223.8055,false
35963,7486.8116,0,7486.8116,false
35974,8284.6489,0,8284.6489,false
35991,12864.932,0,12864.932,false
36012,0,0,0,true
36044,6439.23,0,6439.23,false
36055,9614.6541,0,9614.6541,false
36114,0,0,0,true
36158,90.975,0,90.975,false
36165,0,4318.7705,4318.7705,false
36183,9256.9659,0,9256.9659,false
36185,0,0,0,true
36219,7389.7696,0,7389.7696,false
36235,0,0,0,true
36258,9306.9942,0,9306.9942,false
36301,2389.5412,0,2389.5412,false
36316,0,4628.5,4628.5,false
36322,3422.039,0,3422.039,false
36361,7736.5738,0,7736.5738,false
36390,2491.42,0,2491.42,false
36398,2797.9,0,2797.9,false
36425,9825.0653,0,9825.0653,false
36447,9784.9215,0,9784.9215,false
36468,722.9239,0,722.9239,false
36470,2534.5149,0,2534.5149,false
36476,7001.8997,0,7001.8997,false
36488,9634.7364,0,9634.7364,false
36496,0,0,0,true
36529,160.9222,0,160.9222,false
36567,1299.0392,0,1299.0392,false
36578,0,0,0,true
36652,5700.4746,0,5700.4746,false
36654,4730.2279,0,4730.2279,false
36772,3909.3562,0,3909.3562,false
36777,1015.87,0,1015.87,false
36788,3130.9248,0,3130.9248,false
36821,0,0,0,true
36847,3755.3928,0,3755.3928,false
36848,5567.0459,0,5567.0459,false
36884,1951.8537,0,1951.8537,false
36905,1724.6844,0,1724.6844,false
36920,4764.3456,0,4764.3456,false
36956,4172.4,0,4172.4,false
36967,4122.6457,0,4122.6457,false
36976,3922.46,0,3922.46,false
36991,5039.309,0,5039.309,false
37011,6218.98,0,6218.98,false
37043,4386.3327,0,4386.3327,false
37080,7943.4,0,7943.4,false
37139,104.4198,0,104.4198,false
37204,4305.8264,0,4305.8264,false
37218,0,6833.6416,6833.6416,false
37222,0,0,0,true
37239,1374.65,0,1374.65,false
37241,6293.64,0,6293.64,false
37266,4806.9188,0,4806.9188,false
37274,4022.5446,0,4022.5446,false
37279,0,0,0,true
37288,0,4486.8234,4486.8234,false
37340,0,7972.67,7972.67,false
37399,791.2,0,791.2,false
37460,0,0,0,true
37507,998.552,0,998.552,false
37515,9365.8057,0,9365.8057,false
37550,6892.8813,0,6892.8813,false
37629,5397.5854,0,5397.5854,false
37653,0,9280.952,9280.952,false
37670,0,8892.478,8892.478,false
37674,0,1709.3454,1709.3454,false
37725,5526.8498,0,5526.8498,false
37794,5350.161,0,5350.161,false
37851,0,7878.04,7878.04,false
37861,0,4297.7593,4297.7593,false
37974,0,6337.2255,6337.2255,false
37996,3783.8111,0,3783.8111,false
38015,58.5667,0,58.5667,false
38019,0,0,0,true
38071,0,3779.9824,3779.9824,false
38091,0,0,0,true
38104,9542.83,0,9542.83,false
38115,0,0,0,true
38122,5883.6306,0,5883.6306,false
38195,0,0,0,true
38219,2183.339,0,2183.339,false
38235,9201.7501,0,9201.7501,false
38257,8159.8154,0,8159.8154,false
38294,0,0,0,true
38296,77.2196,0,77.2196,false
38381,1774.236,0,1774.236,false
38408,7113.492,0,7113.492,false
38410,7728.87,0,7728.87,false
38412,9826.0368,0,9826.0368,false
38454,2109.17,0,2109.17,false
38470,6104.2965,0,6104.2965,false
38476,0,1643.2593,1643.2593,false
38522,2772.811,0,2772.811,false
38614,5277.4681,0,5277.4681,false
38636,4658.0012,0,4658.0012,false
38714,0,6203.6818,6203.6818,false
38729,3703.52,0,3703.52,false
38850,6452.6725,0,6452.6725,false
38874,3163.1874,0,3163.1874,false
38928,1188.515,0,1188.515,false
38946,7764.2718,0,7764.2718,false
38957,8511.87,0,8511.87,false
38973,5131.01,0,5131.01,false
38982,601.7057,0,601.7057,false
39000,3957.2046,0,3957.2046,false
39045,3630.5564,0,3630.5564,false
39073,0,0,0,true
39081,9511.7794,0,9511.7794,false
39091,3194.8329,0,3194.8329,false
39093,0,2489.4263,2489.4263,false
39099,7618.8057,0,7618.8057,false
39128,6718.4211,0,6718.4211,false
39191,7846.6151,0,7846.6151,false
39222,1967.4254,0,1967.4254,false
39274,0,6380.407,6380.407,false
39287,0,0,0,true
39314,1859.3791,0,1859.3791,false
39327,102.2169,0,102.2169,false
39339,3289.7732,0,3289.7732,false
39352,0,422.2475,422.2475,false
39353,753.19,0,753.19,false
39446,2469.1398,0,2469.1398,false
39491,9096.2237,0,9096.2237,false
39501,0,6459.8606,6459.8606,false
39521,2076.534,0,2076.534,false
39586,0,3258.93,3258.93,false
39635,9380.1495,0,9380.1495,false
39654,7533.39,0,7533.39,false
39668,3865.4047,0,3865.4047,false
39669,3467.6621,0,3467.6621,false
39677,0,8684.7475,8684.7475,false
39693,0,6435.974,6435.974,false
39723,6093.6247,0,6093.6247,false
39743,1445.78,0,1445.78,false
39765,0,6227.3464,6227.3464,false
39767,4517.76,0,4517.76,false
39768,7830.758,0,7830.758,false
39772,9353.5922,0,9353.5922,false
39798,8363.4021,0,8363.4021,false
39804,2554.14,0,2554.14,false
39816,684.376,0,684.376,false
39826,5282.2231,0,5282.2231,false
39847,7437.105,0,7437.105,false
39888,4109.945,0,4109.945,false
39922,4089.6802,0,4089.6802,false
40031,7168.0095,0,7168.0095,false
40033,2646.0086,0,2646.0086,false
40074,1487.361,0,1487.361,false
40085,8167.97,0,8167.97,false
40134,4325.0672,0,4325.0672,false
40135,5109.0016,0,5109.0016,false
40158,0,0,0,true
40210,8176.4721,0,8176.4721,false
40237,7301.7498,0,7301.7498,false
40259,1270.0679,0,1270.0679,false
40273,3588.6976,0,3588.6976,false
40314,6216.7259,0,6216.7259,false
40332,1649.1703,0,1649.1703,false
40410,3158.918,0,3158.918,false
40417,4157.0622,0,4157.0622,false
40427,0,5672.89,5672.89,false
40429,2478.009,0,2478.009,false
40458,8208.2715,0,8208.2715,false
40470,0,442.4,442.4,false
40510,7233.7374,0,7233.7374,false
40537,6030.937,0,6030.937,false
40542,5015.8708,0,5015.8708,false
40619,797.7304,0,797.7304,false
40632,7299.9893,0,7299.9893,false
40657,3778.9315,0,3778.9315,false
40674,3759.176,0,3759.176,false
40691,1453.6415,0,1453.6415,false
40703,8958.9447,0,8958.9447,false
40709,1641.194,0,1641.194,false
40747,0,1088.713,1088.713,false
40748,8441.6958,0,8441.6958,false
40806,8775.577,0,8775.577,false
40817,0,4770.0206,4770.0206,false
40820,754.5164,0,754.5164,false
40883,0,0,0,true
40895,7929.793,0,7929.793,false
40928,0,0,0,true
41037,5458.8821,0,5458.8821,false
41065,0,4714.1321,4714.1321,false
41118,0,9842.98,9842.98,false
41185,825.0517,0,825.0517,false
41206,0,9038.3654,9038.3654,false
41273,0,7844.6952,7844.6952,false
41302,568.7767,0,568.7767,false
41318,8560.0386,0,8560.0386,false
41367,6993.6863,0,6993.6863,false
41380,4370.531,0,4370.531,false
41410,3558.5259,0,3558.5259,false
41490,0,0,0,true
41578,2812.9321,0,2812.9321,false
41608,8338.3866,0,8338.3866,false
41723,438.5527,0,438.5527,false
41726,3419.63,0,3419.63,false
41728,2448.4906,0,2448.4906,false
41744,2574.0813,0,2574.0813,false
41777,0,6142.9938,6142.9938,false
41850,1061.4048,0,1061.4048,false
41858,0,6052.54,6052.54,false
41861,3593.2908,0,3593.2908,false
41865,8456.02,0,8456.02,false
41867,0,6717.1407,6717.1407,false
41922,0,0,0,true
41994,6684.1,0,6684.1,false
41996,1381.81,0,1381.81,false
42018,3684.286,0,3684.286,false
42082,6254.8521,0,6254.8521,false
42096,0,0,0,true
42102,0,8047.139,8047.139,false
42120,0,0,0,true
42134,5619.06,0,5619.06,false
42176,0,0,0,true
42207,6190.5215,0,6190.5215,false
42245,4363.11,0,4363.11,false
42275,2588.7102,0,2588.7102,false
42393,814.5019,0,814.5019,false
42406,0,3085.6686,3085.6686,false
42433,8711.4125,0,8711.4125,false
42528,7361.62,0,7361.62,false
42537,5924.8824,0,5924.8824,false
42538,0,7784.2508,7784.2508,false
42556,9478.892,0,9478.892,false
42696,4452.893,0,4452.893,false
42707,9795.4651,0,9795.4651,false
42730,4173.606,0,4173.606,false
42794,8067.3404,4656.6,12723.9404,false
42809,7586.284,0,7586.284,false
42943,7855.3063,0,7855.3063,false
42955,0,0,0,true
43009,4970.84,0,4970.84,false
43023,3372.324,0,3372.324,false
43065,5912.2592,0,5912.2592,false
43103,8543.4817,0,8543.4817,false
43124,7314.517,0,7314.517,false
43138,5511.4497,0,5511.4497,false
43155,0,0,0,true
43187,0,0,0,true
43194,1483.7662,0,1483.7662,false
43215,3287.676,0,3287.676,false
43301,0,9567.579,9567.579,false
43409,7731.5578,0,7731.5578,false
43504,1994.3087,0,1994.3087,false
43514,6381.2658,0,6381.2658,false
43533,8130.9217,0,8130.9217,false
43562,0,0,0,true
43592,3724.9066,0,3724.9066,false
43594,0,0,0,true
43605,9265.9152,0,9265.9152,false
43613,1035.0711,0,1035.0711,false
43631,9536.037,0,9536.037,false
43680,3931.09,0,3931.09,false
43708,8080.1017,0,8080.1017,false
43764,9017.74,0,9017.74,false
43768,8704.6191,0,8704.6191,false
43855,9933.534,0,9933.534,false
43915,5830.6179,0,5830.6179,false
43926,9235.6415,0,9235.6415,false
43941,1169.9574,0,1169.9574,false
43942,3354.4149,0,3354.4149,false
43986,0,1666.4917,1666.4917,false
44000,0,1147.0618,1147.0618,false
44012,7466.02,0,7466.02,false
44076,5416.3,0,5416.3,false
44149,5598.125,0,5598.125,false
44169,0,0,0,true
44197,1396.853,0,1396.853,false
44216,5004.459,0,5004.459,false
44273,5798.61,0,5798.61,false
44286,0,4346.2494,4346.2494,false
44288,0,6718.5904,6718.5904,false
44290,4224.135,0,4224.135,false
44296,7845.278,0,7845.278,false
44328,6454.3337,0,6454.3337,false
44343,358.72,0,358.72,false
44420,559.392,0,559.392,false
44449,8048.973,0,8048.973,false
44484,8162.2187,0,8162.2187,false
44518,0,0,0,true
44526,310.8838,0,310.8838,false
44567,0,5454.8971,5454.8971,false
44574,9552.8303,0,9552.8303,false
44589,0,7784.5501,7784.5501,false
44618,9742.6,0,9742.6,false
44626,9389.5663,0,9389.5663,false
44632,0,8327.1701,8327.1701,false
44639,7154.698,0,7154.698,false
44652,5221.029,0,5221.029,false
44673,0,0,0,true
44745,995.968,0,995.968,false
44799,821.4686,0,821.4686,false
44826,0,5853.268,5853.268,false
44887,0,0,0,true
44948,1818.396,0,1818.396,false
44989,2922.4553,0,2922.4553,false
44992,888.0031,0,888.0031,false
44998,0,1692.475,1692.475,false
45043,0,355.6825,355.6825,false
45071,0,4858.9015,4858.9015,false
45102,8454.7142,0,8454.7142,false
45274,4406.4823,0,4406.4823,false
45376,7083.5333,0,7083.5333,false
45395,0,0,0,true
45399,0,4893.5294,4893.5294,false
45410,5029.1789,0,5029.1789,false
45417,8274.0598,0,8274.0598,false
45418,0,6267.7239,6267.7239,false
45426,6282.4438,0,6282.4438,false
45443,4441.19,0,4441.19,false
45468,6825.4042,0,6825.4042,false
45505,2073.575,0,2073.575,false
45523,5824.2166,0,5824.2166,false
45540,0,8277.783,8277.783,false
45550,795.4578,0,795.4578,false
45596,2166.8413,0,2166.8413,false
45611,5966.0973,0,5966.0973,false
45672,5812.3154,0,5812.3154,false
45727,9380.1877,0,9380.1877,false
45753,0,0,0,true
45754,0,1349.142,1349.142,false
45836,6376.591,0,6376.591,false
45840,0,6484.51,6484.51,false
45844,6475.5132,0,6475.5132,false
45858,843.824,0,843.824,false
45859,0,0,0,true
45887,0,7256.7702,7256.7702,false
45892,3919.903,0,3919.903,false
45922,0,7353.776,7353.776,false
46030,9882.546,0,9882.546,false
46049,0,8055.948,8055.948,false
46051,3350.0444,0,3350.0444,false
46053,264.8632,0,264.8632,false
46068,1728.4792,0,1728.4792,false
46076,0,4326.297,4326.297,false
46131,0,6460.9049,6460.9049,false
46133,0,6500.51,6500.51,false
46143,6313.752,0,6313.752,false
46164,3215.4864,0,3215.4864,false
46213,3285.6494,0,3285.6494,false
46214,2716.7824,0,2716.7824,false
46258,5598.7065,0,5598.7065,false
46265,8456.9989,0,8456.9989,false
46271,5023.655,0,5023.655,false
46310,0,6220.57,6220.57,false
46409,5453.0177,0,5453.0177,false
46411,4873.9103,0,4873.9103,false
46421,0,6508.7122,6508.7122,false
46454,0,0,0,true
46471,7960.5238,0,7960.5238,false
46482,0,5268.66,5268.66,false
46494,6225.5966,0,6225.5966,false
46513,0,5708.3116,5708.3116,false
46526,3991.9332,0,3991.9332,false
46564,0,4798.69,4798.69,false
46570,0,3881.2006,3881.2006,false
46628,0,2698.52,2698.52,false
46651,7477.3566,0,7477.3566,false
46712,4795.8752,0,4795.8752,false
46722,6657.2332,0,6657.2332,false
46726,7620.3185,0,7620.3185,false
46759,0,4599.436,4599.436,false
46799,0,468.714,468.714,false
46832,8543.413,0,8543.413,false
46894,5206.71,0,5206.71,false
46939,4859.013,0,4859.013,false
46984,9905.4493,0,9905.4493,false
47007,0,8879.54,8879.54,false
47049,1668.954,0,1668.954,false
47050,4930.8714,0,4930.8714,false
47053,0,0,0,true
47123,4101.3403,0,4101.3403,false
47152,7572.7215,0,7572.7215,false
47169,4745.471,0,4745.471,false
47221,7935.93,0,7935.93,false
47225,724.4092,0,724.4092,false
47243,496.783,0,496.783,false
47301,0,6859.0263,6859.0263,false
47320,6719.515,0,6719.515,false
47350,0,8065.3745,8065.3745,false
47379,0,0,0,true
47419,5721.432,0,5721.432,false
47457,0,3239.58,3239.58,false
47504,6699.5473,0,6699.5473,false
47608,1353.0477,0,1353.0477,false
47611,5315.9561,0,5315.9561,false
47679,2311.5704,0,2311.5704,false
47703,842.153,0,842.153,false
47716,0,9050.11,9050.11,false
47742,0,8265.8888,8265.8888,false
47785,0,0,0,true
47799,6133.2282,0,6133.2282,false
47810,6004.3067,0,6004.3067,false
47960,1430.556,0,1430.556,false
47971,6983.59,0,6983.59,false
47979,9777.8962,0,9777.8962,false
47989,0,0,0,true
48013,0,7917.4231,7917.4231,false
48017,5071.838,0,5071.838,false
48132,2033.6559,0,2033.6559,false
48151,81.35,0,81.35,false
48164,5518.3239,0,5518.3239,false
48181,981.8391,0,981.8391,false
48224,0,6660.387,6660.387,false
48241,9863.5094,0,9863.5094,false
48257,5099.8471,0,5099.8471,false
48269,1634.654,0,1634.654,false
48289,8751.0393,0,8751.0393,false
48300,0,4842.072,4842.072,false
48339,5506.652,0,5506.652,false
48344,6193.52,0,6193.52,false
48346,7343.6062,0,7343.6062,false
48350,2369.4406,0,2369.4406,false
48421,2975.0856,0,2975.0856,false
48433,5115.7146,0,5115.7146,false
48459,789.8932,0,789.8932,false
48465,0,341.009,341.009,false
48510,7107.6522,0,7107.6522,false
48542,4343.2026,0,4343.2026,false
48592,3374.254,0,3374.254,false
48624,0,0,0,true
48776,0,287.6936,287.6936,false
48791,2228.892,0,2228.892,false
48823,3222.4165,0,3222.4165,false
48848,6429.9912,0,6429.9912,false
48886,0,634.4764,634.4764,false
48942,3737.3758,0,3737.3758,false
49045,5160.3803,0,5160.3803,false
49050,0,0,0,true
49054,0,6106.05,6106.05,false
49134,9092.739,706.2328,9798.9718,false
49136,2520.117,0,2520.117,false
49234,4254.5929,0,4254.5929,false
49278,7453.5478,0,7453.5478,false
49374,0,0,0,true
49376,2325.1118,0,2325.1118,false
49378,4030.6466,0,4030.6466,false
49380,3760.877,0,3760.877,false
49401,0,1063.11,1063.11,false
49403,11542.5447,0,11542.5447,false
49426,3820.8983,0,3820.8983,false
49482,0,0,0,true
49527,0,5916.44,5916.44,false
49574,9869.4465,0,9869.4465,false
49582,9741.8655,0,9741.8655,false
49591,4367.516,0,4367.516,false
49707,0,0,0,true
49761,5084.54,0,5084.54,false
49778,6584.194,0,6584.194,false
49807,8077.797,0,8077.797,false
49814,0,9242.3499,9242.3499,false
49845,5886.1044,0,5886.1044,false
49873,347.8305,0,347.8305,false
49908,7912.059,0,7912.059,false
49914,9435.8965,0,9435.8965,false
49934,0,3652.2047,3652.2047,false
49963,5227.5895,0,5227.5895,false
49976,9891.704,0,9891.704,false
50002,2308.24,0,2308.24,false
50029,8958.6494,0,8958.6494,false
50042,9473.9142,0,9473.9142,false
50098,4909.3334,0,4909.3334,false
50134,5631.1053,0,5631.1053,false
50213,0,0,0,true
50314,3122.0308,0,3122.0308,false
50343,0,5477.8114,5477.8114,false
50394,3026.3228,0,3026.3228,false
50425,0,0,0,true
50432,1956.433,0,1956.433,false
50435,8464.2808,0,8464.2808,false
50452,9932.882,0,9932.882,false
50503,2275.0334,0,2275.0334,false
50520,1133.2509,0,1133.2509,false
50544,0,4791.1306,4791.1306,false
50578,5717.296,0,5717.296,false
50602,0,0,0,true
50603,2153.4173,0,2153.4173,false
50632,2061.74,0,2061.74,false
50778,1233.92,0,1233.92,false
50796,8989.4526,0,8989.4526,false
50831,5141.3272,0,5141.3272,false
50901,0,0,0,true
50953,104.5645,0,104.5645,false
50958,6896.3982,0,6896.3982,false
51059,4202.4108,0,4202.4108,false
51263,7564.504,0,7564.504,false
51286,0,2188.619,2188.619,false
51309,0,7181.2259,7181.2259,false
51327,8610.7248,0,8610.7248,false
51381,5033.66,0,5033.66,false
51440,0,9373.873,9373.873,false
51467,5516.15,0,5516.15,false
51490,0,4142.8646,4142.8646,false
51563,0,1730.64,1730.64,false
51565,0,3126.9,3126.9,false
51567,0,4683.8876,4683.8876,false
51568,0,67.7002,67.7002,false
51583,9608.85,0,9608.85,false
51604,0,0,0,true
51616,3487.9833,0,3487.9833,false
51646,6574.2165,0,6574.2165,false
51665,2784.3482,0,2784.3482,false
51713,1547.04,0,1547.04,false
51784,303.4668,0,303.4668,false
51849,1615.3851,0,1615.3851,false
51929,0,4705.456,4705.456,false
51952,9105.0802,0,9105.0802,false
51960,7105.1817,0,7105.1817,false
51989,6245.094,0,6245.094,false
52006,5831.8587,0,5831.8587,false
52051,8276.4868,0,8276.4868,false
52083,2358.5269,0,2358.5269,false
52086,2183.6121,0,2183.6121,false
52098,4893.324,0,4893.324,false
52185,4221.68,0,4221.68,false
52262,393.4329,0,393.4329,false
52266,2083.4775,0,2083.4775,false
52353,7617.3565,0,7617.3565,false
52361,9291.5774,0,9291.5774,false
52383,5546.2569,0,5546.2569,false
52404,7216.7367,0,7216.7367,false
52439,2316.6199,0,2316.6199,false
52484,0,0,0,true
52512,4801.7185,0,4801.7185,false
52517,7027.67,0,7027.67,false
52590,1162.23,0,1162.23,false
52605,4226.27,0,4226.27,false
52647,11271.6529,0,11271.6529,false
52671,6740.1759,0,6740.1759,false
52723,5462.0509,0,5462.0509,false
52727,3382.1371,0,3382.1371,false
52756,4482.4776,0,4482.4776,false
52834,244.708,0,244.708,false
52850,5641.164,0,5641.164,false
52873,0,3029.0749,3029.0749,false
52907,1587.1064,0,1587.1064,false
52985,0,0,0,true
53010,0,154.329,154.329,false
53019,0,3640.7448,3640.7448,false
53021,0,0,0,true
53068,2636.9538,0,2636.9538,false
53214,9118.5164,0,9118.5164,false
53239,169.277,0,169.277,false
53251,0,3742.7272,3742.7272,false
53275,8334.955,0,8334.955,false
53349,619.2975,0,619.2975,false
53356,5919.3162,0,5919.3162,false
53372,3658.1192,0,3658.1192,false
53391,2356.128,0,2356.128,false
53396,6933.42,0,6933.42,false
53397,9398.6105,0,9398.6105,false
53414,9025.3851,0,9025.3851,false
53431,0,5015.91,5015.91,false
53440,710.252,0,710.252,false
53595,0,5573.481,5573.481,false
53599,0,0,0,true
53605,8646.002,0,8646.002,false
53618,7531.5716,0,7531.5716,false
53706,0,4440.4741,4440.4741,false
53730,4416.204,0,4416.204,false
53771,0,9953.9408,9953.9408,false
53799,6598.3535,0,6598.3535,false
53869,6355.2485,0,6355.2485,false
53871,0,593.6762,593.6762,false
53899,4218.81,0,4218.81,false
53904,2691.3651,0,2691.3651,false
53942,0,1716.75,1716.75,false
53978,3486.23,0,3486.23,false
53994,0,4055.528,4055.528,false
54007,4633.9556,0,4633.9556,false
54047,2103.3147,0,2103.3147,false
54056,0,0,0,true
54069,3169.1331,0,3169.1331,false
54103,1818.7112,0,1818.7112,false
54153,0,7810.0451,7810.0451,false
54154,1938.373,0,1938.373,false
54162,1404.1479,0,1404.1479,false
54174,6897.1846,0,6897.1846,false
54181,0,2506.9877,2506.9877,false
54225,4681.1562,0,4681.1562,false
54232,9920.548,0,9920.548,false
54332,7422.4859,0,7422.4859,false
54340,13723.1342,0,13723.1342,false
54342,9297.4584,0,9297.4584,false
54362,6342.6882,0,6342.6882,false
54380,2216.719,0,2216.719,false
54387,0,0,0,true
54436,0,2904.2641,2904.2641,false
54462,3188.3293,0,3188.3293,false
54495,6426.0475,0,6426.0475,false
54538,178.8235,0,178.8235,false
54557,4232.2811,0,4232.2811,false
54575,8394.0963,0,8394.0963,false
54581,2881.2427,0,2881.2427,false
54588,8673.2748,0,8673.2748,false
54611,9314.3801,0,9314.3801,false
54624,7776.572,0,7776.572,false
54697,0,5705.716,5705.716,false
54723,4203.9193,0,4203.9193,false
54739,5222.77,0,5222.77,false
54853,1091.8121,0,1091.8121,false
54890,3258.798,0,3258.798,false
54919,6879.6162,0,6879.6162,false
54922,7713.1478,0,7713.1478,false
54947,2198.6597,0,2198.6597,false
54952,4629.5238,0,4629.5238,false
55066,2043.794,0,2043.794,false
55096,0,0,0,true
55136,5777.4952,0,5777.4952,false
55141,0,6064.31,6064.31,false
55143,7991.9308,0,7991.9308,false
55152,0,2812.147,2812.147,false
55170,7935.631,0,7935.631,false
55247,5299.99,0,5299.99,false
55267,0,0,0,true
55373,6790.75,0,6790.75,false
55378,3083.6702,0,3083.6702,false
55475,7745.8918,0,7745.8918,false
55531,5027.2699,0,5027.2699,false
55539,1426.8321,0,1426.8321,false
55579,0,9224.9776,9224.9776,false
55582,222.3,0,222.3,false
55643,12719.4486,0,12719.4486,false
55647,6673.346,0,6673.346,false
55656,8119.017,0,8119.017,false
55669,5109.34,0,5109.34,false
55716,3309.59,0,3309.59,false
55726,2592.2037,0,2592.2037,false
55728,593.939,0,593.939,false
55729,0,6201.2478,6201.2478,false
55794,0,9867.804,9867.804,false
55802,1884.8623,0,1884.8623,false
55829,0,4042.5933,4042.5933,false
55843,0,0,0,true
55869,3341.4171,0,3341.4171,false
55940,6449.76,0,6449.76,false
55964,3157.69,0,3157.69,false
55978,1340.7866,0,1340.7866,false
56011,6623.2066,0,6623.2066,false
56027,9629.845,0,9629.845,false
56042,9393.0303,0,9393.0303,false
56067,3692.03,0,3692.03,false
56094,2053.977,0,2053.977,false
56169,6264.0654,0,6264.0654,false
56170,0,3364.15,3364.15,false
56174,6604.6925,0,6604.6925,false
56218,8900.2825,0,8900.2825,false
56266,6682.9406,0,6682.9406,false
56300,8859.0159,0,8859.0159,false
56343,0,8254.7792,8254.7792,false
56348,9743.7183,0,9743.7183,false
56361,3663.339,0,3663.339,false
56424,8012.545,0,8012.545,false
56486,0,9309.175,9309.175,false
56504,0,0,0,true
56505,8945.98,0,8945.98,false
56528,0,8685.085,8685.085,false
56609,60.2105,0,60.2105,false
56642,0,9555.5272,9555.5272,false
56658,1113.005,0,1113.005,false
56659,0,0,0,true
56673,0,3268.894,3268.894,false
56692,0,0,0,true
56696,0,0,0,true
56707,0,0,0,true
56753,0,877.58,877.58,false
56883,3494.6761,0,3494.6761,false
56897,9362.6184,0,9362.6184,false
56900,4513.92,0,4513.92,false
56933,8762.2834,0,8762.2834,false
57286,790.6902,0,790.6902,false
57297,8120.4473,0,8120.4473,false
57311,8760.47,0,8760.47,false
57347,0,821.6684,821.6684,false
57408,7956.6271,0,7956.6271,false
57423,0,5364.0075,5364.0075,false
57437,2132.441,0,2132.441,false
57485,5226.06,0,5226.06,false
57533,0,0,0,true
57570,0,0,0,true
57608,0,8614.3889,8614.3889,false
57651,0,0,0,true
57694,3234.4325,0,3234.4325,false
57748,12605.9568,0,12605.9568,false
57780,11416.564,0,11416.564,false
57801,444.8151,0,444.8151,false
57806,5251.804,0,5251.804,false
57809,6558.355,0,6558.355,false
57816,0,1970.09,1970.09,false
57820,4867.46,0,4867.46,false
57835,88.4409,0,88.4409,false
57908,7186.7484,0,7186.7484,false
57935,6123.9414,0,6123.9414,false
57967,7382.12,0,7382.12,false
57993,0,2972.9141,2972.9141,false
58026,0,0,0,true
58052,6015.504,0,6015.504,false
58064,5306.063,0,5306.063,false
58074,1593.0467,0,1593.0467,false
58224,0,6087.066,6087.066,false
58236,0,5072.6004,5072.6004,false
58249,5142.2115,0,5142.2115,false
58253,1375.2683,0,1375.2683,false
58270,1940.13,0,1940.13,false
58272,0,0,0,true
58307,264.2137,0,264.2137,false
58352,2036.9932,0,2036.9932,false
58385,2458.2154,0,2458.2154,false
58387,1095.484,0,1095.484,false
58439,6109.3313,0,6109.3313,false
58489,9007.5079,0,9007.5079,false
58515,2086.76,0,2086.76,false
58612,0,0,0,true
58623,2626.2928,0,2626.2928,false
58700,0,0,0,true
58705,3125.6964,0,3125.6964,false
58707,1568.8857,0,1568.8857,false
58709,0,8185.21,8185.21,false
58757,9365.0588,0,9365.0588,false
58832,4763.9416,0,4763.9416,false
58840,2443.3984,0,2443.3984,false
58893,5940.6101,0,5940.6101,false
58963,5569.35,0,5569.35,false
58980,468.329,0,468.329,false
58989,2057.9651,0,2057.9651,false
58994,0,0,0,true
59013,0,0,0,true
59018,3807.6107,0,3807.6107,false
59055,0,7228.0582,7228.0582,false
59145,7822.3523,0,7822.3523,false
59160,4250.2783,0,4250.2783,false
59184,2159.9917,0,2159.9917,false
59198,502.6071,0,502.6071,false
59362,4794.6716,0,4794.6716,false
59374,8813.6622,0,8813.6622,false
59377,8342.1248,0,8342.1248,false
59499,0,2964.2,2964.2,false
59557,0,2800.103,2800.103,false
59568,1180.5542,0,1180.5542,false
59699,1266.137,0,1266.137,false
59704,7340.3383,0,7340.3383,false
59746,7195.55,0,7195.55,false
59782,9251.443,0,9251.443,false
59802,2083.0678,0,2083.0678,false
59818,2345.449,0,2345.449,false
59824,0,7626.37,7626.37,false
59838,6516.3025,0,6516.3025,false
59922,9613.07,0,9613.07,false
59927,0,3164.6321,3164.6321,false
59977,644.09,0,644.09,false
60038,9380.927,0,9380.927,false
60076,9264.294,0,9264.294,false
60081,862.4479,0,862.4479,false
60124,0,0,0,true
60183,7577.9647,0,7577.9647,false
60232,0,0,0,true
60315,3240.2736,0,3240.2736,false
60391,7836.7798,0,7836.7798,false
60404,6157.0579,0,6157.0579,false
60415,7854.1585,0,7854.1585,false
60425,0,8187.8979,8187.8979,false
60440,3196.8265,0,3196.8265,false
60503,1129.6087,0,1129.6087,false
60528,0,0,0,true
60533,0,7006.6341,7006.6341,false
60595,9699.6805,0,9699.6805,false
60655,0,4846.5152,4846.5152,false
60681,3820.9236,0,3820.9236,false
60685,6788.262,0,6788.262,false
60736,0,0,0,true
60753,0,1310.4364,1310.4364,false
60772,3603.5663,0,3603.5663,false
60774,214.9973,0,214.9973,false
60782,1294.452,0,1294.452,false
60895,3463.8482,0,3463.8482,false
61028,8200.053,0,8200.053,false
61073,6140.697,0,6140.697,false
61135,4589.1704,0,4589.1704,false
61174,8354.6576,0,8354.6576,false
61175,0,0,0,true
61200,3091.8572,0,3091.8572,false
61248,6527.5521,0,6527.5521,false
61279,0,5319.1314,5319.1314,false
61294,5714.7277,0,5714.7277,false
61314,8548.8975,0,8548.8975,false
61366,0,0,0,true
61369,0,1450.4356,1450.4356,false
61503,6565.0662,0,6565.0662,false
61538,1141.625,0,1141.625,false
61559,0,9225.8687,9225.8687,false
61573,6158.8279,0,6158.8279,false
61651,0,0,0,true
61652,5810.72,0,5810.72,false
61751,4720.1353,0,4720.1353,false
61764,9368.4666,0,9368.4666,false
61796,3266.6737,0,3266.6737,false
61831,0,0,0,true
61850,8980.2941,0,8980.2941,false
61901,1992.7342,0,1992.7342,false
61996,2727.1024,0,2727.1024,false
62042,6721.94,0,6721.94,false
62092,2370.313,0,2370.313,false
62143,370.12,0,370.12,false
62154,9075.3475,0,9075.3475,false
62220,6003.1326,0,6003.1326,false
62318,0,6616.8673,6616.8673,false
62331,5978.1302,0,5978.1302,false
62373,6427.0576,0,6427.0576,false
62408,1327.6201,0,1327.6201,false
62422,0,2008.6008,2008.6008,false
62481,4398.1378,0,4398.1378,false
62583,8889.2623,0,8889.2623,false
62584,446.7977,0,446.7977,true
62607,0,6542.612,6542.612,false
62650,6126.9469,0,6126.9469,false
62659,0,0,0,true
62791,0,0,0,true
62795,0,6394.18,6394.18,false
62797,9069.2321,0,9069.2321,false
62808,5359.6,0,5359.6,false
62811,0,4010.3403,4010.3403,false
62833,0,0,0,true
62844,0,0,0,true
62954,0,0,0,true
62959,317.9907,0,317.9907,false
63011,3939.94,0,3939.94,false
63129,5295.6878,0,5295.6878,false
63148,0,5665.5952,5665.5952,false
63272,7873.2507,0,7873.2507,false
63280,0,9717.217,9717.217,false
63294,9794.177,0,9794.177,false
63309,9206.5026,0,9206.5026,false
63418,8019.215,0,8019.215,false
63428,0,2020.123,2020.123,false
63449,8050.5819,0,8050.5819,false
63491,3355.5448,0,3355.5448,false
63495,4099.3565,0,4099.3565,false
63537,8022.5714,0,8022.5714,false
63545,1284.2535,0,1284.2535,false
63549,0,9255.07,9255.07,false
63553,1435.3231,0,1435.3231,false
63582,3946.5818,0,3946.5818,false
63600,4311.246,0,4311.246,false
63623,0,1687.28,1687.28,false
63638,3164.329,0,3164.329,false
63717,0,0,0,true
63738,0,0,0,true
63762,0,0,0,true
63774,7081.6689,0,7081.6689,false
63788,9943.4182,0,9943.4182,false
63868,0,2649.5593,2649.5593,false
63878,5725.9663,0,5725.9663,false
63891,6921.0239,0,6921.0239,false
63940,8860.7647,0,8860.7647,false
63942,7498.6334,0,7498.6334,false
63955,4288.595,0,4288.595,false
63961,2051.814,0,2051.814,false
63991,6293.2279,0,6293.2279,false
63995,1696.959,0,1696.959,false
64037,0,0,0,true
64043,2718.9695,0,2718.9695,false
64091,0,0,0,true
64114,0,0,0,true
64274,5867.4559,0,5867.4559,false
64296,0,6755.9651,6755.9651,false
64297,2693.9,0,2693.9,false
64315,9193.428,0,9193.428,false
64334,5399.6589,0,5399.6589,false
64354,0,0,0,true
64362,0,0,0,true
64430,0,378.904,378.904,false
64432,5593.038,0,5593.038,false
64440,6416.4438,0,6416.4438,false
64441,1043.667,0,1043.667,false
64457,0,0,0,true
64484,2372.584,0,2372.584,false
64496,6483.3302,0,6483.3302,false
64525,891.5436,0,891.5436,false
64529,4075.555,0,4075.555,false
64611,0,5428.2541,5428.2541,false
64666,0,0,0,true
64681,5003.602,0,5003.602,false
64693,5666.1201,0,5666.1201,false
64697,4895.9352,0,4895.9352,false
64759,3131.9244,0,3131.9244,false
64761,3068.5397,0,3068.5397,false
64805,1834.246,0,1834.246,false
64817,9829.314,0,9829.314,false
64851,243.8088,0,243.8088,false
64852,0,9845.083,9845.083,false
64865,6084.76,0,6084.76,false
64899,9144.9525,0,9144.9525,false
64918,0,53.9014,53.9014,false
64921,2632.71,0,2632.71,false
64929,0,2689.49,2689.49,false
64945,3329.9867,0,3329.9867,false
64995,7501.2597,0,7501.2597,false
65015,2455.0896,0,2455.0896,false
65039,9010.4193,0,9010.4193,false
65069,8730.1048,0,8730.1048,false
65096,0,8823.9925,8823.9925,false
65123,0,0,0,true
65147,6191.7082,0,6191.7082,false
65155,0,0,0,true
65165,267.9678,0,267.9678,false
65199,509.1688,0,509.1688,false
65249,0,0,0,true
65287,6080.5752,0,6080.5752,false
65325,7633.7118,0,7633.7118,false
65370,9316.3274,0,9316.3274,false
65404,2079.8931,0,2079.8931,false
65533,0,7484.4847,7484.4847,false
65534,7885.9384,0,7885.9384,false
